{"cameraMode":{"drawMode":0,"name":"Shaded","section":"Shading Mode"},"sceneLighting":true,"audioPlay":false,"sceneViewState":{"m_AlwaysRefresh":false,"showFog":true,"showSkybox":true,"showFlares":true,"showImageEffects":true,"showParticleSystems":true,"showVisualEffectGraphs":true,"m_FxEnabled":true},"in2DMode":false,"pivot":{"x":-5.0022735595703129,"y":197.76516723632813,"z":-139.775634765625},"rotation":{"x":-0.14523456990718842,"y":0.033255159854888919,"z":-0.0047269780188798908,"w":-0.9889317750930786},"size":213.20115661621095,"orthographic":false}