{"cameraMode":{"drawMode":0,"name":"Shaded","section":"Shading Mode"},"sceneLighting":false,"audioPlay":false,"sceneViewState":{"m_AlwaysRefresh":false,"showFog":true,"showSkybox":false,"showFlares":true,"showImageEffects":true,"showParticleSystems":true,"showVisualEffectGraphs":true,"m_FxEnabled":true},"in2DMode":false,"pivot":{"x":0.7045183181762695,"y":-0.46878379583358767,"z":0.07347896695137024},"rotation":{"x":-0.11261242628097534,"y":-0.7575103044509888,"z":0.1357746422290802,"w":-0.6286627054214478},"size":0.836591899394989,"orthographic":false}