{"cameraMode":{"drawMode":0,"name":"Shaded","section":"Shading Mode"},"sceneLighting":false,"audioPlay":false,"sceneViewState":{"m_AlwaysRefresh":false,"showFog":true,"showSkybox":false,"showFlares":true,"showImageEffects":true,"showParticleSystems":true,"showVisualEffectGraphs":true,"m_FxEnabled":true},"in2DMode":false,"pivot":{"x":-6.360000133514404,"y":1.2200000286102296,"z":4.739999771118164},"rotation":{"x":0.15413346886634828,"y":0.13881933689117433,"z":-0.02197020687162876,"w":0.9781031608581543},"size":0.2598077058792114,"orthographic":false}