{"cameraMode":{"drawMode":0,"name":"Shaded","section":"Shading Mode"},"sceneLighting":false,"audioPlay":false,"sceneViewState":{"m_AlwaysRefresh":false,"showFog":false,"showSkybox":false,"showFlares":false,"showImageEffects":false,"showParticleSystems":false,"showVisualEffectGraphs":true,"m_FxEnabled":true},"in2DMode":false,"pivot":{"x":-0.00003546476364135742,"y":0.8890718221664429,"z":-0.002681538462638855},"rotation":{"x":-0.03970817103981972,"y":0.9368606209754944,"z":-0.11326014250516892,"w":-0.3284529745578766},"size":1.3242905139923096,"orthographic":false}