{"cameraMode":{"drawMode":0,"name":"Shaded","section":"Shading Mode"},"sceneLighting":false,"audioPlay":false,"sceneViewState":{"m_AlwaysRefresh":false,"showFog":false,"showSkybox":false,"showFlares":false,"showImageEffects":false,"showParticleSystems":false,"showVisualEffectGraphs":true,"m_FxEnabled":true},"in2DMode":false,"pivot":{"x":-0.000035822391510009766,"y":0.8936691284179688,"z":0.01540730893611908},"rotation":{"x":-0.07682186365127564,"y":0.921135663986206,"z":-0.23599885404109956,"w":-0.29984551668167117},"size":1.3409873247146607,"orthographic":false}