{"cameraMode":{"drawMode":0,"name":"Shaded","section":"Shading Mode"},"sceneLighting":false,"audioPlay":false,"sceneViewState":{"m_AlwaysRefresh":false,"showFog":false,"showSkybox":false,"showFlares":false,"showImageEffects":false,"showParticleSystems":false,"showVisualEffectGraphs":true,"m_FxEnabled":true},"in2DMode":false,"pivot":{"x":-0.000049114227294921875,"y":0.8936522006988525,"z":0.02567341923713684},"rotation":{"x":-0.0420832559466362,"y":0.93250972032547,"z":-0.11557355523109436,"w":-0.3395468294620514},"size":1.406716227531433,"orthographic":false}