{"cameraMode":{"drawMode":0,"name":"Shaded","section":"Shading Mode"},"sceneLighting":false,"audioPlay":false,"sceneViewState":{"m_AlwaysRefresh":false,"showFog":true,"showSkybox":false,"showFlares":true,"showImageEffects":true,"showParticleSystems":true,"showVisualEffectGraphs":true,"m_FxEnabled":true},"in2DMode":false,"pivot":{"x":0.1534549742937088,"y":0.668121337890625,"z":-0.6596007347106934},"rotation":{"x":0.00009888172644423321,"y":-0.9998244643211365,"z":-0.020687920972704889,"w":-0.004205747041851282},"size":1.448470115661621,"orthographic":false}